question,answer
What is NetSol Technologies?,NetSol Technologies is a global provider of IT and enterprise software solutions that primarily serves the leasing and asset finance industry.
How long has NetSol been in business?,NetSol has over 45 years of experience delivering technology solutions to the finance and leasing industry.
Where is NetSol Technologies headquartered?,NetSol's corporate headquarters is located at 16000 Ventura Blvd Suite 770 Encino California USA.
Is NetSol a publicly traded company?,Yes NetSol Technologies trades on the Nasdaq stock exchange under the ticker symbol NTWK.
What is NetSol's flagship product?,NetSol's flagship product is NFS Ascent a comprehensive platform built for the auto and equipment finance and leasing industry.
What does NFS Ascent do?,NFS Ascent manages the full leasing and financing lifecycle from quotation and origination through contract servicing and end of contract.
What industries does NFS Ascent serve?,NFS Ascent primarily serves auto finance equipment finance and big ticket asset finance companies.
Can NFS Ascent be used by multinational companies?,Yes NFS Ascent supports multinational multi company multi currency and multi language environments.
What technology engines power NFS Ascent?,NFS Ascent uses three dynamic and programmable work engines to manage complex leasing and financing cycles.
Is NFS Ascent available on the cloud?,Yes NFS Ascent is available as a cloud based deployment in addition to on premise options.
What is OTOZ?,OTOZ is NetSol's mobility platform built to power on demand car sharing and car subscription services.
How does OTOZ relate to NFS Ascent?,OTOZ is fully integrated with NFS Ascent and NFS Digital allowing mobility services to work alongside traditional finance products.
What technologies does OTOZ leverage?,OTOZ leverages digital transformation artificial intelligence blockchain and mobility services technologies.
What is NFS Digital?,NFS Digital is NetSol's suite of digital transformation solutions that provide self service portals and online finance experiences for customers.
What can customers do through NFS Digital portals?,Customers can complete the buying and financing process online including configuration quotations and applications on web or mobile devices.
What is the Self Point of Sale Portal?,The Self Point of Sale Portal allows customers to complete equipment configuration generate quotations and submit applications online.
What is Mobile Account in NFS Digital?,Mobile Account is a self service mobile and web solution that lets customers view contract status resolve queries and make payments.
What is the Wholesale Finance System WFS?,WFS is a NetSol product designed to streamline automate and increase visibility of dealer funding operations.
Who uses the Wholesale Finance System?,Dealers distributors and finance partners use WFS to improve operational efficiency in their supply chain funding.
What is the Omni Point of Sale application?,Omni Point of Sale is a cross platform application that supports point of sale calculations quotations credit analysis and proposals.
What is the Contract Management System?,The Contract Management System is part of the NFS Ascent Retail Platform used to manage credit contracts throughout their lifecycle.
Does NetSol support back office operations?,Yes NetSol provides back office enablement applications for managing credit contracts and automating wholesale finance processes.
How many clients does NetSol serve globally?,NetSol serves over 200 clients worldwide with more than 25000 users globally.
What is NetSol's implementation success rate?,NetSol maintains a 100 percent implementation success rate across its global client base.
What quality certifications does NetSol hold?,NetSol has achieved ISO 9001 ISO 20000 ISO 27001 and SEI CMMI Level 5 certifications.
What does CMMI Level 5 certification indicate?,CMMI Level 5 is the highest maturity rating for software development processes indicating strong process optimization and quality control.
Where does NetSol have offices or delivery centers?,NetSol has delivery and support locations including San Francisco London Beijing Bangkok Lahore Sydney and Jakarta.
Does NetSol have an office in Pakistan?,Yes NetSol has a significant presence in Lahore Pakistan which serves as a major delivery and development center.
What kind of clients does NetSol work with?,NetSol works with Fortune 500 manufacturers global automakers financial institutions utilities technology providers and government agencies.
What value of assets does NetSol's technology support?,NetSol's platforms support more than 500 billion dollars in global assets.
Does NetSol offer artificial intelligence services?,Yes NetSol provides AI machine learning and data analytics services as part of its enterprise offerings.
Does NetSol work with generative AI?,Yes NetSol has a dedicated generative AI service line focused on applying generative AI to enterprise use cases.
What cloud services does NetSol provide?,NetSol provides cloud services that help businesses migrate modernize and operate their applications in the cloud.
Does NetSol provide data engineering services?,Yes NetSol offers data engineering services to help organizations manage and process their data infrastructure.
Does NetSol offer information security services?,Yes NetSol provides information security services to help organizations protect their systems and data.
What are talent partnerships at NetSol?,Talent partnerships refer to NetSol's digital solutions services that help organizations augment their teams with skilled technology talent.
Does NetSol work on emerging technologies?,Yes NetSol has a dedicated practice focused on emerging technologies for enterprise clients.
What industries does NetSol's asset finance solution support?,NetSol's asset finance solutions support equipment finance automotive finance and other asset backed lending industries.
Does NetSol support automotive finance specifically?,Yes NetSol has dedicated automotive finance solutions used by major global automakers.
Does NetSol support equipment finance companies?,Yes NetSol provides equipment finance solutions tailored to companies financing industrial and business equipment.
What is the Appex Now marketplace?,Appex Now is NetSol's marketplace offering modular fintech products such as calculation engines and document generation tools.
What is Flex in the Appex Now marketplace?,Flex is a calculation engine product that supports step payment structures and cost of funding calculations.
What is Dock in the Appex Now marketplace?,Dock is a document generation product available through the Appex Now marketplace.
What is Hubex in the Appex Now marketplace?,Hubex is an API library product available through the Appex Now marketplace.
What is Lane in the Appex Now marketplace?,Lane is a loan origination system product available through the Appex Now marketplace.
Does NetSol offer internships for students?,Yes NetSol offers summer internships for students across various technical and business departments.
Does NetSol hire business graduates?,Yes NetSol hires business graduates for roles in marketing human resources project management business analysis training business development and finance.
What is NetSol's job application process?,The application process includes applying online screening one or more technical interviews an assignment if required an HR interview a background check and a formal offer.
How can I apply for a job at NetSol?,You can apply by registering a profile on NetSol's careers page entering your personal details submitting your resume and applying to an open position.
If I do not hear back after applying what does that mean?,NetSol typically contacts shortlisted candidates within two weeks so not hearing back usually means you were not shortlisted for that role.
